x_value,total_1,total_2
0,1000,1000
1,995,996
2,998,1001
3,996,999
4,1003,1002
5,1008,997
6,1006,997
7,1011,994
8,1013,997
9,1021,992
10,1024,993
11,1028,989
12,1033,993
13,1034,993
14,1029,998
15,1028,996
16,1025,1002
17,1019,1004
18,1013,1004
19,1011,1001
20,1010,999
21,1005,1005
22,1008,1006
23,1004,1005
24,1000,1001
25,998,996
26,1001,999
27,1003,997
28,1004,996
29,1001,1002
30,1002,1003
31,1004,1003
32,1008,1004
33,1002,1010
34,1003,1010
35,1004,1014
36,1007,1009
37,1012,1013
38,1009,1008
39,1017,1012
